Level,EXP Needed,Level,EXP Needed,Level,EXP Needed,Level,EXP Needed,Level,EXP Needed,Level,EXP Needed,Level,EXP Needed,Level,EXP Needed,Level,EXP Needed,Level,EXP Needed
1,"7,200,000",101,"151,200,000",201,"295,200,000",301,"439,200,000",401,"583,200,000",501,"727,200,000",601,"871,200,000",701,"1,015,200,000",801,"1,159,200,000",901,"1,303,200,000"
2,"8,640,000",102,"152,640,000",202,"296,640,000",302,"440,640,000",402,"584,640,000",502,"728,640,000",602,"872,640,000",702,"1,016,640,000",802,"1,160,640,000",902,"1,304,640,000"
3,"10,080,000",103,"154,080,000",203,"298,080,000",303,"442,080,000",403,"586,080,000",503,"730,080,000",603,"874,080,000",703,"1,018,080,000",803,"1,162,080,000",903,"1,306,080,000"
4,"11,520,000",104,"155,520,000",204,"299,520,000",304,"443,520,000",404,"587,520,000",504,"731,520,000",604,"875,520,000",704,"1,019,520,000",804,"1,163,520,000",904,"1,307,520,000"
5,"12,960,000",105,"156,960,000",205,"300,960,000",305,"444,960,000",405,"588,960,000",505,"732,960,000",605,"876,960,000",705,"1,020,960,000",805,"1,164,960,000",905,"1,308,960,000"
6,"14,400,000",106,"158,400,000",206,"302,400,000",306,"446,400,000",406,"590,400,000",506,"734,400,000",606,"878,400,000",706,"1,022,400,000",806,"1,166,400,000",906,"1,310,400,000"
7,"15,840,000",107,"159,840,000",207,"303,840,000",307,"447,840,000",407,"591,840,000",507,"735,840,000",607,"879,840,000",707,"1,023,840,000",807,"1,167,840,000",907,"1,311,840,000"
8,"17,280,000",108,"161,280,000",208,"305,280,000",308,"449,280,000",408,"593,280,000",508,"737,280,000",608,"881,280,000",708,"1,025,280,000",808,"1,169,280,000",908,"1,313,280,000"
9,"18,720,000",109,"162,720,000",209,"306,720,000",309,"450,720,000",409,"594,720,000",509,"738,720,000",609,"882,720,000",709,"1,026,720,000",809,"1,170,720,000",909,"1,314,720,000"
10,"20,160,000",110,"164,160,000",210,"308,160,000",310,"452,160,000",410,"596,160,000",510,"740,160,000",610,"884,160,000",710,"1,028,160,000",810,"1,172,160,000",910,"1,316,160,000"
11,"21,600,000",111,"165,600,000",211,"309,600,000",311,"453,600,000",411,"597,600,000",511,"741,600,000",611,"885,600,000",711,"1,029,600,000",811,"1,173,600,000",911,"1,317,600,000"
12,"23,040,000",112,"167,040,000",212,"311,040,000",312,"455,040,000",412,"599,040,000",512,"743,040,000",612,"887,040,000",712,"1,031,040,000",812,"1,175,040,000",912,"1,319,040,000"
13,"24,480,000",113,"168,480,000",213,"312,480,000",313,"456,480,000",413,"600,480,000",513,"744,480,000",613,"888,480,000",713,"1,032,480,000",813,"1,176,480,000",913,"1,320,480,000"
14,"25,920,000",114,"169,920,000",214,"313,920,000",314,"457,920,000",414,"601,920,000",514,"745,920,000",614,"889,920,000",714,"1,033,920,000",814,"1,177,920,000",914,"1,321,920,000"
15,"27,360,000",115,"171,360,000",215,"315,360,000",315,"459,360,000",415,"603,360,000",515,"747,360,000",615,"891,360,000",715,"1,035,360,000",815,"1,179,360,000",915,"1,323,360,000"
16,"28,800,000",116,"172,800,000",216,"316,800,000",316,"460,800,000",416,"604,800,000",516,"748,800,000",616,"892,800,000",716,"1,036,800,000",816,"1,180,800,000",916,"1,324,800,000"
17,"30,240,000",117,"174,240,000",217,"318,240,000",317,"462,240,000",417,"606,240,000",517,"750,240,000",617,"894,240,000",717,"1,038,240,000",817,"1,182,240,000",917,"1,326,240,000"
18,"31,680,000",118,"175,680,000",218,"319,680,000",318,"463,680,000",418,"607,680,000",518,"751,680,000",618,"895,680,000",718,"1,039,680,000",818,"1,183,680,000",918,"1,327,680,000"
19,"33,120,000",119,"177,120,000",219,"321,120,000",319,"465,120,000",419,"609,120,000",519,"753,120,000",619,"897,120,000",719,"1,041,120,000",819,"1,185,120,000",919,"1,329,120,000"
20,"34,560,000",120,"178,560,000",220,"322,560,000",320,"466,560,000",420,"610,560,000",520,"754,560,000",620,"898,560,000",720,"1,042,560,000",820,"1,186,560,000",920,"1,330,560,000"
21,"36,000,000",121,"180,000,000",221,"324,000,000",321,"468,000,000",421,"612,000,000",521,"756,000,000",621,"900,000,000",721,"1,044,000,000",821,"1,188,000,000",921,"1,332,000,000"
22,"37,440,000",122,"181,440,000",222,"325,440,000",322,"469,440,000",422,"613,440,000",522,"757,440,000",622,"901,440,000",722,"1,045,440,000",822,"1,189,440,000",922,"1,333,440,000"
23,"38,880,000",123,"182,880,000",223,"326,880,000",323,"470,880,000",423,"614,880,000",523,"758,880,000",623,"902,880,000",723,"1,046,880,000",823,"1,190,880,000",923,"1,334,880,000"
24,"40,320,000",124,"184,320,000",224,"328,320,000",324,"472,320,000",424,"616,320,000",524,"760,320,000",624,"904,320,000",724,"1,048,320,000",824,"1,192,320,000",924,"1,336,320,000"
25,"41,760,000",125,"185,760,000",225,"329,760,000",325,"473,760,000",425,"617,760,000",525,"761,760,000",625,"905,760,000",725,"1,049,760,000",825,"1,193,760,000",925,"1,337,760,000"
26,"43,200,000",126,"187,200,000",226,"331,200,000",326,"475,200,000",426,"619,200,000",526,"763,200,000",626,"907,200,000",726,"1,051,200,000",826,"1,195,200,000",926,"1,339,200,000"
27,"44,640,000",127,"188,640,000",227,"332,640,000",327,"476,640,000",427,"620,640,000",527,"764,640,000",627,"908,640,000",727,"1,052,640,000",827,"1,196,640,000",927,"1,340,640,000"
28,"46,080,000",128,"190,080,000",228,"334,080,000",328,"478,080,000",428,"622,080,000",528,"766,080,000",628,"910,080,000",728,"1,054,080,000",828,"1,198,080,000",928,"1,342,080,000"
29,"47,520,000",129,"191,520,000",229,"335,520,000",329,"479,520,000",429,"623,520,000",529,"767,520,000",629,"911,520,000",729,"1,055,520,000",829,"1,199,520,000",929,"1,343,520,000"
30,"48,960,000",130,"192,960,000",230,"336,960,000",330,"480,960,000",430,"624,960,000",530,"768,960,000",630,"912,960,000",730,"1,056,960,000",830,"1,200,960,000",930,"1,344,960,000"
31,"50,400,000",131,"194,400,000",231,"338,400,000",331,"482,400,000",431,"626,400,000",531,"770,400,000",631,"914,400,000",731,"1,058,400,000",831,"1,202,400,000",931,"1,346,400,000"
32,"51,840,000",132,"195,840,000",232,"339,840,000",332,"483,840,000",432,"627,840,000",532,"771,840,000",632,"915,840,000",732,"1,059,840,000",832,"1,203,840,000",932,"1,347,840,000"
33,"53,280,000",133,"197,280,000",233,"341,280,000",333,"485,280,000",433,"629,280,000",533,"773,280,000",633,"917,280,000",733,"1,061,280,000",833,"1,205,280,000",933,"1,349,280,000"
34,"54,720,000",134,"198,720,000",234,"342,720,000",334,"486,720,000",434,"630,720,000",534,"774,720,000",634,"918,720,000",734,"1,062,720,000",834,"1,206,720,000",934,"1,350,720,000"
35,"56,160,000",135,"200,160,000",235,"344,160,000",335,"488,160,000",435,"632,160,000",535,"776,160,000",635,"920,160,000",735,"1,064,160,000",835,"1,208,160,000",935,"1,352,160,000"
36,"57,600,000",136,"201,600,000",236,"345,600,000",336,"489,600,000",436,"633,600,000",536,"777,600,000",636,"921,600,000",736,"1,065,600,000",836,"1,209,600,000",936,"1,353,600,000"
37,"59,040,000",137,"203,040,000",237,"347,040,000",337,"491,040,000",437,"635,040,000",537,"779,040,000",637,"923,040,000",737,"1,067,040,000",837,"1,211,040,000",937,"1,355,040,000"
38,"60,480,000",138,"204,480,000",238,"348,480,000",338,"492,480,000",438,"636,480,000",538,"780,480,000",638,"924,480,000",738,"1,068,480,000",838,"1,212,480,000",938,"1,356,480,000"
39,"61,920,000",139,"205,920,000",239,"349,920,000",339,"493,920,000",439,"637,920,000",539,"781,920,000",639,"925,920,000",739,"1,069,920,000",839,"1,213,920,000",939,"1,357,920,000"
40,"63,360,000",140,"207,360,000",240,"351,360,000",340,"495,360,000",440,"639,360,000",540,"783,360,000",640,"927,360,000",740,"1,071,360,000",840,"1,215,360,000",940,"1,359,360,000"
41,"64,800,000",141,"208,800,000",241,"352,800,000",341,"496,800,000",441,"640,800,000",541,"784,800,000",641,"928,800,000",741,"1,072,800,000",841,"1,216,800,000",941,"1,360,800,000"
42,"66,240,000",142,"210,240,000",242,"354,240,000",342,"498,240,000",442,"642,240,000",542,"786,240,000",642,"930,240,000",742,"1,074,240,000",842,"1,218,240,000",942,"1,362,240,000"
43,"67,680,000",143,"211,680,000",243,"355,680,000",343,"499,680,000",443,"643,680,000",543,"787,680,000",643,"931,680,000",743,"1,075,680,000",843,"1,219,680,000",943,"1,363,680,000"
44,"69,120,000",144,"213,120,000",244,"357,120,000",344,"501,120,000",444,"645,120,000",544,"789,120,000",644,"933,120,000",744,"1,077,120,000",844,"1,221,120,000",944,"1,365,120,000"
45,"70,560,000",145,"214,560,000",245,"358,560,000",345,"502,560,000",445,"646,560,000",545,"790,560,000",645,"934,560,000",745,"1,078,560,000",845,"1,222,560,000",945,"1,366,560,000"
46,"72,000,000",146,"216,000,000",246,"360,000,000",346,"504,000,000",446,"648,000,000",546,"792,000,000",646,"936,000,000",746,"1,080,000,000",846,"1,224,000,000",946,"1,368,000,000"
47,"73,440,000",147,"217,440,000",247,"361,440,000",347,"505,440,000",447,"649,440,000",547,"793,440,000",647,"937,440,000",747,"1,081,440,000",847,"1,225,440,000",947,"1,369,440,000"
48,"74,880,000",148,"218,880,000",248,"362,880,000",348,"506,880,000",448,"650,880,000",548,"794,880,000",648,"938,880,000",748,"1,082,880,000",848,"1,226,880,000",948,"1,370,880,000"
49,"76,320,000",149,"220,320,000",249,"364,320,000",349,"508,320,000",449,"652,320,000",549,"796,320,000",649,"940,320,000",749,"1,084,320,000",849,"1,228,320,000",949,"1,372,320,000"
50,"77,760,000",150,"221,760,000",250,"365,760,000",350,"509,760,000",450,"653,760,000",550,"797,760,000",650,"941,760,000",750,"1,085,760,000",850,"1,229,760,000",950,"1,373,760,000"
51,"79,200,000",151,"223,200,000",251,"367,200,000",351,"511,200,000",451,"655,200,000",551,"799,200,000",651,"943,200,000",751,"1,087,200,000",851,"1,231,200,000",951,"1,375,200,000"
52,"80,640,000",152,"224,640,000",252,"368,640,000",352,"512,640,000",452,"656,640,000",552,"800,640,000",652,"944,640,000",752,"1,088,640,000",852,"1,232,640,000",952,"1,376,640,000"
53,"82,080,000",153,"226,080,000",253,"370,080,000",353,"514,080,000",453,"658,080,000",553,"802,080,000",653,"946,080,000",753,"1,090,080,000",853,"1,234,080,000",953,"1,378,080,000"
54,"83,520,000",154,"227,520,000",254,"371,520,000",354,"515,520,000",454,"659,520,000",554,"803,520,000",654,"947,520,000",754,"1,091,520,000",854,"1,235,520,000",954,"1,379,520,000"
55,"84,960,000",155,"228,960,000",255,"372,960,000",355,"516,960,000",455,"660,960,000",555,"804,960,000",655,"948,960,000",755,"1,092,960,000",855,"1,236,960,000",955,"1,380,960,000"
56,"86,400,000",156,"230,400,000",256,"374,400,000",356,"518,400,000",456,"662,400,000",556,"806,400,000",656,"950,400,000",756,"1,094,400,000",856,"1,238,400,000",956,"1,382,400,000"
57,"87,840,000",157,"231,840,000",257,"375,840,000",357,"519,840,000",457,"663,840,000",557,"807,840,000",657,"951,840,000",757,"1,095,840,000",857,"1,239,840,000",957,"1,383,840,000"
58,"89,280,000",158,"233,280,000",258,"377,280,000",358,"521,280,000",458,"665,280,000",558,"809,280,000",658,"953,280,000",758,"1,097,280,000",858,"1,241,280,000",958,"1,385,280,000"
59,"90,720,000",159,"234,720,000",259,"378,720,000",359,"522,720,000",459,"666,720,000",559,"810,720,000",659,"954,720,000",759,"1,098,720,000",859,"1,242,720,000",959,"1,386,720,000"
60,"92,160,000",160,"236,160,000",260,"380,160,000",360,"524,160,000",460,"668,160,000",560,"812,160,000",660,"956,160,000",760,"1,100,160,000",860,"1,244,160,000",960,"1,388,160,000"
61,"93,600,000",161,"237,600,000",261,"381,600,000",361,"525,600,000",461,"669,600,000",561,"813,600,000",661,"957,600,000",761,"1,101,600,000",861,"1,245,600,000",961,"1,389,600,000"
62,"95,040,000",162,"239,040,000",262,"383,040,000",362,"527,040,000",462,"671,040,000",562,"815,040,000",662,"959,040,000",762,"1,103,040,000",862,"1,247,040,000",962,"1,391,040,000"
63,"96,480,000",163,"240,480,000",263,"384,480,000",363,"528,480,000",463,"672,480,000",563,"816,480,000",663,"960,480,000",763,"1,104,480,000",863,"1,248,480,000",963,"1,392,480,000"
64,"97,920,000",164,"241,920,000",264,"385,920,000",364,"529,920,000",464,"673,920,000",564,"817,920,000",664,"961,920,000",764,"1,105,920,000",864,"1,249,920,000",964,"1,393,920,000"
65,"99,360,000",165,"243,360,000",265,"387,360,000",365,"531,360,000",465,"675,360,000",565,"819,360,000",665,"963,360,000",765,"1,107,360,000",865,"1,251,360,000",965,"1,395,360,000"
66,"100,800,000",166,"244,800,000",266,"388,800,000",366,"532,800,000",466,"676,800,000",566,"820,800,000",666,"964,800,000",766,"1,108,800,000",866,"1,252,800,000",966,"1,396,800,000"
67,"102,240,000",167,"246,240,000",267,"390,240,000",367,"534,240,000",467,"678,240,000",567,"822,240,000",667,"966,240,000",767,"1,110,240,000",867,"1,254,240,000",967,"1,398,240,000"
68,"103,680,000",168,"247,680,000",268,"391,680,000",368,"535,680,000",468,"679,680,000",568,"823,680,000",668,"967,680,000",768,"1,111,680,000",868,"1,255,680,000",968,"1,399,680,000"
69,"105,120,000",169,"249,120,000",269,"393,120,000",369,"537,120,000",469,"681,120,000",569,"825,120,000",669,"969,120,000",769,"1,113,120,000",869,"1,257,120,000",969,"1,401,120,000"
70,"106,560,000",170,"250,560,000",270,"394,560,000",370,"538,560,000",470,"682,560,000",570,"826,560,000",670,"970,560,000",770,"1,114,560,000",870,"1,258,560,000",970,"1,402,560,000"
71,"108,000,000",171,"252,000,000",271,"396,000,000",371,"540,000,000",471,"684,000,000",571,"828,000,000",671,"972,000,000",771,"1,116,000,000",871,"1,260,000,000",971,"1,404,000,000"
72,"109,440,000",172,"253,440,000",272,"397,440,000",372,"541,440,000",472,"685,440,000",572,"829,440,000",672,"973,440,000",772,"1,117,440,000",872,"1,261,440,000",972,"1,405,440,000"
73,"110,880,000",173,"254,880,000",273,"398,880,000",373,"542,880,000",473,"686,880,000",573,"830,880,000",673,"974,880,000",773,"1,118,880,000",873,"1,262,880,000",973,"1,406,880,000"
74,"112,320,000",174,"256,320,000",274,"400,320,000",374,"544,320,000",474,"688,320,000",574,"832,320,000",674,"976,320,000",774,"1,120,320,000",874,"1,264,320,000",974,"1,408,320,000"
75,"113,760,000",175,"257,760,000",275,"401,760,000",375,"545,760,000",475,"689,760,000",575,"833,760,000",675,"977,760,000",775,"1,121,760,000",875,"1,265,760,000",975,"1,409,760,000"
76,"115,200,000",176,"259,200,000",276,"403,200,000",376,"547,200,000",476,"691,200,000",576,"835,200,000",676,"979,200,000",776,"1,123,200,000",876,"1,267,200,000",976,"1,411,200,000"
77,"116,640,000",177,"260,640,000",277,"404,640,000",377,"548,640,000",477,"692,640,000",577,"836,640,000",677,"980,640,000",777,"1,124,640,000",877,"1,268,640,000",977,"1,412,640,000"
78,"118,080,000",178,"262,080,000",278,"406,080,000",378,"550,080,000",478,"694,080,000",578,"838,080,000",678,"982,080,000",778,"1,126,080,000",878,"1,270,080,000",978,"1,414,080,000"
79,"119,520,000",179,"263,520,000",279,"407,520,000",379,"551,520,000",479,"695,520,000",579,"839,520,000",679,"983,520,000",779,"1,127,520,000",879,"1,271,520,000",979,"1,415,520,000"
80,"120,960,000",180,"264,960,000",280,"408,960,000",380,"552,960,000",480,"696,960,000",580,"840,960,000",680,"984,960,000",780,"1,128,960,000",880,"1,272,960,000",980,"1,416,960,000"
81,"122,400,000",181,"266,400,000",281,"410,400,000",381,"554,400,000",481,"698,400,000",581,"842,400,000",681,"986,400,000",781,"1,130,400,000",881,"1,274,400,000",981,"1,418,400,000"
82,"123,840,000",182,"267,840,000",282,"411,840,000",382,"555,840,000",482,"699,840,000",582,"843,840,000",682,"987,840,000",782,"1,131,840,000",882,"1,275,840,000",982,"1,419,840,000"
83,"125,280,000",183,"269,280,000",283,"413,280,000",383,"557,280,000",483,"701,280,000",583,"845,280,000",683,"989,280,000",783,"1,133,280,000",883,"1,277,280,000",983,"1,421,280,000"
84,"126,720,000",184,"270,720,000",284,"414,720,000",384,"558,720,000",484,"702,720,000",584,"846,720,000",684,"990,720,000",784,"1,134,720,000",884,"1,278,720,000",984,"1,422,720,000"
85,"128,160,000",185,"272,160,000",285,"416,160,000",385,"560,160,000",485,"704,160,000",585,"848,160,000",685,"992,160,000",785,"1,136,160,000",885,"1,280,160,000",985,"1,424,160,000"
86,"129,600,000",186,"273,600,000",286,"417,600,000",386,"561,600,000",486,"705,600,000",586,"849,600,000",686,"993,600,000",786,"1,137,600,000",886,"1,281,600,000",986,"1,425,600,000"
87,"131,040,000",187,"275,040,000",287,"419,040,000",387,"563,040,000",487,"707,040,000",587,"851,040,000",687,"995,040,000",787,"1,139,040,000",887,"1,283,040,000",987,"1,427,040,000"
88,"132,480,000",188,"276,480,000",288,"420,480,000",388,"564,480,000",488,"708,480,000",588,"852,480,000",688,"996,480,000",788,"1,140,480,000",888,"1,284,480,000",988,"1,428,480,000"
89,"133,920,000",189,"277,920,000",289,"421,920,000",389,"565,920,000",489,"709,920,000",589,"853,920,000",689,"997,920,000",789,"1,141,920,000",889,"1,285,920,000",989,"1,429,920,000"
90,"135,360,000",190,"279,360,000",290,"423,360,000",390,"567,360,000",490,"711,360,000",590,"855,360,000",690,"999,360,000",790,"1,143,360,000",890,"1,287,360,000",990,"1,431,360,000"
91,"136,800,000",191,"280,800,000",291,"424,800,000",391,"568,800,000",491,"712,800,000",591,"856,800,000",691,"1,000,800,000",791,"1,144,800,000",891,"1,288,800,000",991,"1,432,800,000"
92,"138,240,000",192,"282,240,000",292,"426,240,000",392,"570,240,000",492,"714,240,000",592,"858,240,000",692,"1,002,240,000",792,"1,146,240,000",892,"1,290,240,000",992,"1,434,240,000"
93,"139,680,000",193,"283,680,000",293,"427,680,000",393,"571,680,000",493,"715,680,000",593,"859,680,000",693,"1,003,680,000",793,"1,147,680,000",893,"1,291,680,000",993,"1,435,680,000"
94,"141,120,000",194,"285,120,000",294,"429,120,000",394,"573,120,000",494,"717,120,000",594,"861,120,000",694,"1,005,120,000",794,"1,149,120,000",894,"1,293,120,000",994,"1,437,120,000"
95,"142,560,000",195,"286,560,000",295,"430,560,000",395,"574,560,000",495,"718,560,000",595,"862,560,000",695,"1,006,560,000",795,"1,150,560,000",895,"1,294,560,000",995,"1,438,560,000"
96,"144,000,000",196,"288,000,000",296,"432,000,000",396,"576,000,000",496,"720,000,000",596,"864,000,000",696,"1,008,000,000",796,"1,152,000,000",896,"1,296,000,000",996,"1,440,000,000"
97,"145,440,000",197,"289,440,000",297,"433,440,000",397,"577,440,000",497,"721,440,000",597,"865,440,000",697,"1,009,440,000",797,"1,153,440,000",897,"1,297,440,000",997,"1,441,440,000"
98,"146,880,000",198,"290,880,000",298,"434,880,000",398,"578,880,000",498,"722,880,000",598,"866,880,000",698,"1,010,880,000",798,"1,154,880,000",898,"1,298,880,000",998,"1,442,880,000"
99,"148,320,000",199,"292,320,000",299,"436,320,000",399,"580,320,000",499,"724,320,000",599,"868,320,000",699,"1,012,320,000",799,"1,156,320,000",899,"1,300,320,000",999,"1,444,320,000"
100,"149,760,000",200,"293,760,000",300,"437,760,000",400,"581,760,000",500,"725,760,000",600,"869,760,000",700,"1,013,760,000",800,"1,157,760,000",900,"1,301,760,000","1,000","1,445,760,000"
,"7,848,000,000",,"22,248,000,000",,"36,648,000,000",,"51,048,000,000",,"65,448,000,000",,"79,848,000,000",,"94,248,000,000",,"108,648,000,000",,"123,048,000,000",,"137,448,000,000"
,Totals:,,"30,096,000,000",,"66,744,000,000",,"117,792,000,000",,"183,240,000,000",,"263,088,000,000",,"357,336,000,000",,"465,984,000,000",,"589,032,000,000",,"726,480,000,000"
,,,,,,,,,,,,,,,,,,,
,,,,,,,,,,,,,,,,,,,
,,,,,,,,,,,,,,,,,,,
,1001 - 2002 Below,,,,,,,,,,,,,,,,,,
,,,,,,,,,,,,,,,,,,,
1001,1447200000,,,,,,,,,,,,,,,,,,
1002,1448640000,,,,,,,,,,,,,,,,,,
1003,1450080000,,,,,,,,,,,,,,,,,,
1004,1451520000,,,,,,,,,,,,,,,,,,
1005,1452960000,,,,,,,,,,,,,,,,,,
1006,1454400000,,,,,,,,,,,,,,,,,,
1007,1455840000,,,,,,,,,,,,,,,,,,
1008,1457280000,,,,,,,,,,,,,,,,,,
1009,1458720000,,,,,,,,,,,,,,,,,,
1010,1460160000,,,,,,,,,,,,,,,,,,
1011,1461600000,,,,,,,,,,,,,,,,,,
1012,1463040000,,,,,,,,,,,,,,,,,,
1013,1464480000,,,,,,,,,,,,,,,,,,
1014,1465920000,,,,,,,,,,,,,,,,,,
1015,1467360000,,,,,,,,,,,,,,,,,,
1016,1468800000,,,,,,,,,,,,,,,,,,
1017,1470240000,,,,,,,,,,,,,,,,,,
1018,1471680000,,,,,,,,,,,,,,,,,,
1019,1473120000,,,,,,,,,,,,,,,,,,
1020,1474560000,,,,,,,,,,,,,,,,,,
1021,1476000000,,,,,,,,,,,,,,,,,,
1022,1477440000,,,,,,,,,,,,,,,,,,
1023,1478880000,,,,,,,,,,,,,,,,,,
1024,1480320000,,,,,,,,,,,,,,,,,,
1025,1481760000,,,,,,,,,,,,,,,,,,
1026,1483200000,,,,,,,,,,,,,,,,,,
1027,1484640000,,,,,,,,,,,,,,,,,,
1028,1486080000,,,,,,,,,,,,,,,,,,
1029,1487520000,,,,,,,,,,,,,,,,,,
1030,1488960000,,,,,,,,,,,,,,,,,,
1031,1490400000,,,,,,,,,,,,,,,,,,
1032,1491840000,,,,,,,,,,,,,,,,,,
1033,1493280000,,,,,,,,,,,,,,,,,,
1034,1494720000,,,,,,,,,,,,,,,,,,
1035,1496160000,,,,,,,,,,,,,,,,,,
1036,1497600000,,,,,,,,,,,,,,,,,,
1037,1499040000,,,,,,,,,,,,,,,,,,
1038,1500480000,,,,,,,,,,,,,,,,,,
1039,1501920000,,,,,,,,,,,,,,,,,,
1040,1503360000,,,,,,,,,,,,,,,,,,
1041,1504800000,,,,,,,,,,,,,,,,,,
1042,1506240000,,,,,,,,,,,,,,,,,,
1043,1507680000,,,,,,,,,,,,,,,,,,
1044,1509120000,,,,,,,,,,,,,,,,,,
1045,1510560000,,,,,,,,,,,,,,,,,,
1046,1512000000,,,,,,,,,,,,,,,,,,
1047,1513440000,,,,,,,,,,,,,,,,,,
1048,1514880000,,,,,,,,,,,,,,,,,,
1049,1516320000,,,,,,,,,,,,,,,,,,
1050,1517760000,,,,,,,,,,,,,,,,,,
1051,1519200000,,,,,,,,,,,,,,,,,,
1052,1520640000,,,,,,,,,,,,,,,,,,
1053,1522080000,,,,,,,,,,,,,,,,,,
1054,1523520000,,,,,,,,,,,,,,,,,,
1055,1524960000,,,,,,,,,,,,,,,,,,
1056,1526400000,,,,,,,,,,,,,,,,,,
1057,1527840000,,,,,,,,,,,,,,,,,,
1058,1529280000,,,,,,,,,,,,,,,,,,
1059,1530720000,,,,,,,,,,,,,,,,,,
1060,1532160000,,,,,,,,,,,,,,,,,,
1061,1533600000,,,,,,,,,,,,,,,,,,
1062,1535040000,,,,,,,,,,,,,,,,,,
1063,1536480000,,,,,,,,,,,,,,,,,,
1064,1537920000,,,,,,,,,,,,,,,,,,
1065,1539360000,,,,,,,,,,,,,,,,,,
1066,1540800000,,,,,,,,,,,,,,,,,,
1067,1542240000,,,,,,,,,,,,,,,,,,
1068,1543680000,,,,,,,,,,,,,,,,,,
1069,1545120000,,,,,,,,,,,,,,,,,,
1070,1546560000,,,,,,,,,,,,,,,,,,
1071,1548000000,,,,,,,,,,,,,,,,,,
1072,1549440000,,,,,,,,,,,,,,,,,,
1073,1550880000,,,,,,,,,,,,,,,,,,
1074,1552320000,,,,,,,,,,,,,,,,,,
1075,1553760000,,,,,,,,,,,,,,,,,,
1076,1555200000,,,,,,,,,,,,,,,,,,
1077,1556640000,,,,,,,,,,,,,,,,,,
1078,1558080000,,,,,,,,,,,,,,,,,,
1079,1559520000,,,,,,,,,,,,,,,,,,
1080,1560960000,,,,,,,,,,,,,,,,,,
1081,1562400000,,,,,,,,,,,,,,,,,,
1082,1563840000,,,,,,,,,,,,,,,,,,
1083,1565280000,,,,,,,,,,,,,,,,,,
1084,1566720000,,,,,,,,,,,,,,,,,,
1085,1568160000,,,,,,,,,,,,,,,,,,
1086,1569600000,,,,,,,,,,,,,,,,,,
1087,1571040000,,,,,,,,,,,,,,,,,,
1088,1572480000,,,,,,,,,,,,,,,,,,
1089,1573920000,,,,,,,,,,,,,,,,,,
1090,1575360000,,,,,,,,,,,,,,,,,,
1091,1576800000,,,,,,,,,,,,,,,,,,
1092,1578240000,,,,,,,,,,,,,,,,,,
1093,1579680000,,,,,,,,,,,,,,,,,,
1094,1581120000,,,,,,,,,,,,,,,,,,
1095,1582560000,,,,,,,,,,,,,,,,,,
1096,1584000000,,,,,,,,,,,,,,,,,,
1097,1585440000,,,,,,,,,,,,,,,,,,
1098,1586880000,,,,,,,,,,,,,,,,,,
1099,1588320000,,,,,,,,,,,,,,,,,,
1100,1589760000,,,,,,,,,,,,,,,,,,
1101,1591200000,,,,,,,,,,,,,,,,,,
1102,1592640000,,,,,,,,,,,,,,,,,,
1103,1594080000,,,,,,,,,,,,,,,,,,
1104,1595520000,,,,,,,,,,,,,,,,,,
1105,1596960000,,,,,,,,,,,,,,,,,,
1106,1598400000,,,,,,,,,,,,,,,,,,
1107,1599840000,,,,,,,,,,,,,,,,,,
1108,1601280000,,,,,,,,,,,,,,,,,,
1109,1602720000,,,,,,,,,,,,,,,,,,
1110,1604160000,,,,,,,,,,,,,,,,,,
1111,1605600000,,,,,,,,,,,,,,,,,,
1112,1607040000,,,,,,,,,,,,,,,,,,
1113,1608480000,,,,,,,,,,,,,,,,,,
1114,1609920000,,,,,,,,,,,,,,,,,,
1115,1611360000,,,,,,,,,,,,,,,,,,
1116,1612800000,,,,,,,,,,,,,,,,,,
1117,1614240000,,,,,,,,,,,,,,,,,,
1118,1615680000,,,,,,,,,,,,,,,,,,
1119,1617120000,,,,,,,,,,,,,,,,,,
1120,1618560000,,,,,,,,,,,,,,,,,,
1121,1620000000,,,,,,,,,,,,,,,,,,
1122,1621440000,,,,,,,,,,,,,,,,,,
1123,1622880000,,,,,,,,,,,,,,,,,,
1124,1624320000,,,,,,,,,,,,,,,,,,
1125,1625760000,,,,,,,,,,,,,,,,,,
1126,1627200000,,,,,,,,,,,,,,,,,,
1127,1628640000,,,,,,,,,,,,,,,,,,
1128,1630080000,,,,,,,,,,,,,,,,,,
1129,1631520000,,,,,,,,,,,,,,,,,,
1130,1632960000,,,,,,,,,,,,,,,,,,
1131,1634400000,,,,,,,,,,,,,,,,,,
1132,1635840000,,,,,,,,,,,,,,,,,,
1133,1637280000,,,,,,,,,,,,,,,,,,
1134,1638720000,,,,,,,,,,,,,,,,,,
1135,1640160000,,,,,,,,,,,,,,,,,,
1136,1641600000,,,,,,,,,,,,,,,,,,
1137,1643040000,,,,,,,,,,,,,,,,,,
1138,1644480000,,,,,,,,,,,,,,,,,,
1139,1645920000,,,,,,,,,,,,,,,,,,
1140,1647360000,,,,,,,,,,,,,,,,,,
1141,1648800000,,,,,,,,,,,,,,,,,,
1142,1650240000,,,,,,,,,,,,,,,,,,
1143,1651680000,,,,,,,,,,,,,,,,,,
1144,1653120000,,,,,,,,,,,,,,,,,,
1145,1654560000,,,,,,,,,,,,,,,,,,
1146,1656000000,,,,,,,,,,,,,,,,,,
1147,1657440000,,,,,,,,,,,,,,,,,,
1148,1658880000,,,,,,,,,,,,,,,,,,
1149,1660320000,,,,,,,,,,,,,,,,,,
1150,1661760000,,,,,,,,,,,,,,,,,,
1151,1663200000,,,,,,,,,,,,,,,,,,
1152,1664640000,,,,,,,,,,,,,,,,,,
1153,1666080000,,,,,,,,,,,,,,,,,,
1154,1667520000,,,,,,,,,,,,,,,,,,
1155,1668960000,,,,,,,,,,,,,,,,,,
1156,1670400000,,,,,,,,,,,,,,,,,,
1157,1671840000,,,,,,,,,,,,,,,,,,
1158,1673280000,,,,,,,,,,,,,,,,,,
1159,1674720000,,,,,,,,,,,,,,,,,,
1160,1676160000,,,,,,,,,,,,,,,,,,
1161,1677600000,,,,,,,,,,,,,,,,,,
1162,1679040000,,,,,,,,,,,,,,,,,,
1163,1680480000,,,,,,,,,,,,,,,,,,
1164,1681920000,,,,,,,,,,,,,,,,,,
1165,1683360000,,,,,,,,,,,,,,,,,,
1166,1684800000,,,,,,,,,,,,,,,,,,
1167,1686240000,,,,,,,,,,,,,,,,,,
1168,1687680000,,,,,,,,,,,,,,,,,,
1169,1689120000,,,,,,,,,,,,,,,,,,
1170,1690560000,,,,,,,,,,,,,,,,,,
1171,1692000000,,,,,,,,,,,,,,,,,,
1172,1693440000,,,,,,,,,,,,,,,,,,
1173,1694880000,,,,,,,,,,,,,,,,,,
1174,1696320000,,,,,,,,,,,,,,,,,,
1175,1697760000,,,,,,,,,,,,,,,,,,
1176,1699200000,,,,,,,,,,,,,,,,,,
1177,1700640000,,,,,,,,,,,,,,,,,,
1178,1702080000,,,,,,,,,,,,,,,,,,
1179,1703520000,,,,,,,,,,,,,,,,,,
1180,1704960000,,,,,,,,,,,,,,,,,,
1181,1706400000,,,,,,,,,,,,,,,,,,
1182,1707840000,,,,,,,,,,,,,,,,,,
1183,1709280000,,,,,,,,,,,,,,,,,,
1184,1710720000,,,,,,,,,,,,,,,,,,
1185,1712160000,,,,,,,,,,,,,,,,,,
1186,1713600000,,,,,,,,,,,,,,,,,,
1187,1715040000,,,,,,,,,,,,,,,,,,
1188,1716480000,,,,,,,,,,,,,,,,,,
1189,1717920000,,,,,,,,,,,,,,,,,,
1190,1719360000,,,,,,,,,,,,,,,,,,
1191,1720800000,,,,,,,,,,,,,,,,,,
1192,1722240000,,,,,,,,,,,,,,,,,,
1193,1723680000,,,,,,,,,,,,,,,,,,
1194,1725120000,,,,,,,,,,,,,,,,,,
1195,1726560000,,,,,,,,,,,,,,,,,,
1196,1728000000,,,,,,,,,,,,,,,,,,
1197,1729440000,,,,,,,,,,,,,,,,,,
1198,1730880000,,,,,,,,,,,,,,,,,,
1199,1732320000,,,,,,,,,,,,,,,,,,
1200,1733760000,,,,,,,,,,,,,,,,,,
1201,1735200000,,,,,,,,,,,,,,,,,,
1202,1736640000,,,,,,,,,,,,,,,,,,
1203,1738080000,,,,,,,,,,,,,,,,,,
1204,1739520000,,,,,,,,,,,,,,,,,,
1205,1740960000,,,,,,,,,,,,,,,,,,
1206,1742400000,,,,,,,,,,,,,,,,,,
1207,1743840000,,,,,,,,,,,,,,,,,,
1208,1745280000,,,,,,,,,,,,,,,,,,
1209,1746720000,,,,,,,,,,,,,,,,,,
1210,1748160000,,,,,,,,,,,,,,,,,,
1211,1749600000,,,,,,,,,,,,,,,,,,
1212,1751040000,,,,,,,,,,,,,,,,,,
1213,1752480000,,,,,,,,,,,,,,,,,,
1214,1753920000,,,,,,,,,,,,,,,,,,
1215,1755360000,,,,,,,,,,,,,,,,,,
1216,1756800000,,,,,,,,,,,,,,,,,,
1217,1758240000,,,,,,,,,,,,,,,,,,
1218,1759680000,,,,,,,,,,,,,,,,,,
1219,1761120000,,,,,,,,,,,,,,,,,,
1220,1762560000,,,,,,,,,,,,,,,,,,
1221,1764000000,,,,,,,,,,,,,,,,,,
1222,1765440000,,,,,,,,,,,,,,,,,,
1223,1766880000,,,,,,,,,,,,,,,,,,
1224,1768320000,,,,,,,,,,,,,,,,,,
1225,1769760000,,,,,,,,,,,,,,,,,,
1226,1771200000,,,,,,,,,,,,,,,,,,
1227,1772640000,,,,,,,,,,,,,,,,,,
1228,1774080000,,,,,,,,,,,,,,,,,,
1229,1775520000,,,,,,,,,,,,,,,,,,
1230,1776960000,,,,,,,,,,,,,,,,,,
1231,1778400000,,,,,,,,,,,,,,,,,,
1232,1779840000,,,,,,,,,,,,,,,,,,
1233,1781280000,,,,,,,,,,,,,,,,,,
1234,1782720000,,,,,,,,,,,,,,,,,,
1235,1784160000,,,,,,,,,,,,,,,,,,
1236,1785600000,,,,,,,,,,,,,,,,,,
1237,1787040000,,,,,,,,,,,,,,,,,,
1238,1788480000,,,,,,,,,,,,,,,,,,
1239,1789920000,,,,,,,,,,,,,,,,,,
1240,1791360000,,,,,,,,,,,,,,,,,,
1241,1792800000,,,,,,,,,,,,,,,,,,
1242,1794240000,,,,,,,,,,,,,,,,,,
1243,1795680000,,,,,,,,,,,,,,,,,,
1244,1797120000,,,,,,,,,,,,,,,,,,
1245,1798560000,,,,,,,,,,,,,,,,,,
1246,1800000000,,,,,,,,,,,,,,,,,,
1247,1801440000,,,,,,,,,,,,,,,,,,
1248,1802880000,,,,,,,,,,,,,,,,,,
1249,1804320000,,,,,,,,,,,,,,,,,,
1250,1805760000,,,,,,,,,,,,,,,,,,
1251,1807200000,,,,,,,,,,,,,,,,,,
1252,1808640000,,,,,,,,,,,,,,,,,,
1253,1810080000,,,,,,,,,,,,,,,,,,
1254,1811520000,,,,,,,,,,,,,,,,,,
1255,1812960000,,,,,,,,,,,,,,,,,,
1256,1814400000,,,,,,,,,,,,,,,,,,
1257,1815840000,,,,,,,,,,,,,,,,,,
1258,1817280000,,,,,,,,,,,,,,,,,,
1259,1818720000,,,,,,,,,,,,,,,,,,
1260,1820160000,,,,,,,,,,,,,,,,,,
1261,1821600000,,,,,,,,,,,,,,,,,,
1262,1823040000,,,,,,,,,,,,,,,,,,
1263,1824480000,,,,,,,,,,,,,,,,,,
1264,1825920000,,,,,,,,,,,,,,,,,,
1265,1827360000,,,,,,,,,,,,,,,,,,
1266,1828800000,,,,,,,,,,,,,,,,,,
1267,1830240000,,,,,,,,,,,,,,,,,,
1268,1831680000,,,,,,,,,,,,,,,,,,
1269,1833120000,,,,,,,,,,,,,,,,,,
1270,1834560000,,,,,,,,,,,,,,,,,,
1271,1836000000,,,,,,,,,,,,,,,,,,
1272,1837440000,,,,,,,,,,,,,,,,,,
1273,1838880000,,,,,,,,,,,,,,,,,,
1274,1840320000,,,,,,,,,,,,,,,,,,
1275,1841760000,,,,,,,,,,,,,,,,,,
1276,1843200000,,,,,,,,,,,,,,,,,,
1277,1844640000,,,,,,,,,,,,,,,,,,
1278,1846080000,,,,,,,,,,,,,,,,,,
1279,1847520000,,,,,,,,,,,,,,,,,,
1280,1848960000,,,,,,,,,,,,,,,,,,
1281,1850400000,,,,,,,,,,,,,,,,,,
1282,1851840000,,,,,,,,,,,,,,,,,,
1283,1853280000,,,,,,,,,,,,,,,,,,
1284,1854720000,,,,,,,,,,,,,,,,,,
1285,1856160000,,,,,,,,,,,,,,,,,,
1286,1857600000,,,,,,,,,,,,,,,,,,
1287,1859040000,,,,,,,,,,,,,,,,,,
1288,1860480000,,,,,,,,,,,,,,,,,,
1289,1861920000,,,,,,,,,,,,,,,,,,
1290,1863360000,,,,,,,,,,,,,,,,,,
1291,1864800000,,,,,,,,,,,,,,,,,,
1292,1866240000,,,,,,,,,,,,,,,,,,
1293,1867680000,,,,,,,,,,,,,,,,,,
1294,1869120000,,,,,,,,,,,,,,,,,,
1295,1870560000,,,,,,,,,,,,,,,,,,
1296,1872000000,,,,,,,,,,,,,,,,,,
1297,1873440000,,,,,,,,,,,,,,,,,,
1298,1874880000,,,,,,,,,,,,,,,,,,
1299,1876320000,,,,,,,,,,,,,,,,,,
1300,1877760000,,,,,,,,,,,,,,,,,,
1301,1879200000,,,,,,,,,,,,,,,,,,
1302,1880640000,,,,,,,,,,,,,,,,,,
1303,1882080000,,,,,,,,,,,,,,,,,,
1304,1883520000,,,,,,,,,,,,,,,,,,
1305,1884960000,,,,,,,,,,,,,,,,,,
1306,1886400000,,,,,,,,,,,,,,,,,,
1307,1887840000,,,,,,,,,,,,,,,,,,
1308,1889280000,,,,,,,,,,,,,,,,,,
1309,1890720000,,,,,,,,,,,,,,,,,,
1310,1892160000,,,,,,,,,,,,,,,,,,
1311,1893600000,,,,,,,,,,,,,,,,,,
1312,1895040000,,,,,,,,,,,,,,,,,,
1313,1896480000,,,,,,,,,,,,,,,,,,
1314,1897920000,,,,,,,,,,,,,,,,,,
1315,1899360000,,,,,,,,,,,,,,,,,,
1316,1900800000,,,,,,,,,,,,,,,,,,
1317,1902240000,,,,,,,,,,,,,,,,,,
1318,1903680000,,,,,,,,,,,,,,,,,,
1319,1905120000,,,,,,,,,,,,,,,,,,
1320,1906560000,,,,,,,,,,,,,,,,,,
1321,1908000000,,,,,,,,,,,,,,,,,,
1322,1909440000,,,,,,,,,,,,,,,,,,
1323,1910880000,,,,,,,,,,,,,,,,,,
1324,1912320000,,,,,,,,,,,,,,,,,,
1325,1913760000,,,,,,,,,,,,,,,,,,
1326,1915200000,,,,,,,,,,,,,,,,,,
1327,1916640000,,,,,,,,,,,,,,,,,,
1328,1918080000,,,,,,,,,,,,,,,,,,
1329,1919520000,,,,,,,,,,,,,,,,,,
1330,1920960000,,,,,,,,,,,,,,,,,,
1331,1922400000,,,,,,,,,,,,,,,,,,
1332,1923840000,,,,,,,,,,,,,,,,,,
1333,1925280000,,,,,,,,,,,,,,,,,,
1334,1926720000,,,,,,,,,,,,,,,,,,
1335,1928160000,,,,,,,,,,,,,,,,,,
1336,1929600000,,,,,,,,,,,,,,,,,,
1337,1931040000,,,,,,,,,,,,,,,,,,
1338,1932480000,,,,,,,,,,,,,,,,,,
1339,1933920000,,,,,,,,,,,,,,,,,,
1340,1935360000,,,,,,,,,,,,,,,,,,
1341,1936800000,,,,,,,,,,,,,,,,,,
1342,1938240000,,,,,,,,,,,,,,,,,,
1343,1939680000,,,,,,,,,,,,,,,,,,
1344,1941120000,,,,,,,,,,,,,,,,,,
1345,1942560000,,,,,,,,,,,,,,,,,,
1346,1944000000,,,,,,,,,,,,,,,,,,
1347,1945440000,,,,,,,,,,,,,,,,,,
1348,1946880000,,,,,,,,,,,,,,,,,,
1349,1948320000,,,,,,,,,,,,,,,,,,
1350,1949760000,,,,,,,,,,,,,,,,,,
1351,1951200000,,,,,,,,,,,,,,,,,,
1352,1952640000,,,,,,,,,,,,,,,,,,
1353,1954080000,,,,,,,,,,,,,,,,,,
1354,1955520000,,,,,,,,,,,,,,,,,,
1355,1956960000,,,,,,,,,,,,,,,,,,
1356,1958400000,,,,,,,,,,,,,,,,,,
1357,1959840000,,,,,,,,,,,,,,,,,,
1358,1961280000,,,,,,,,,,,,,,,,,,
1359,1962720000,,,,,,,,,,,,,,,,,,
1360,1964160000,,,,,,,,,,,,,,,,,,
1361,1965600000,,,,,,,,,,,,,,,,,,
1362,1967040000,,,,,,,,,,,,,,,,,,
1363,1968480000,,,,,,,,,,,,,,,,,,
1364,1969920000,,,,,,,,,,,,,,,,,,
1365,1971360000,,,,,,,,,,,,,,,,,,
1366,1972800000,,,,,,,,,,,,,,,,,,
1367,1974240000,,,,,,,,,,,,,,,,,,
1368,1975680000,,,,,,,,,,,,,,,,,,
1369,1977120000,,,,,,,,,,,,,,,,,,
1370,1978560000,,,,,,,,,,,,,,,,,,
1371,1980000000,,,,,,,,,,,,,,,,,,
1372,1981440000,,,,,,,,,,,,,,,,,,
1373,1982880000,,,,,,,,,,,,,,,,,,
1374,1984320000,,,,,,,,,,,,,,,,,,
1375,1985760000,,,,,,,,,,,,,,,,,,
1376,1987200000,,,,,,,,,,,,,,,,,,
1377,1988640000,,,,,,,,,,,,,,,,,,
1378,1990080000,,,,,,,,,,,,,,,,,,
1379,1991520000,,,,,,,,,,,,,,,,,,
1380,1992960000,,,,,,,,,,,,,,,,,,
1381,1994400000,,,,,,,,,,,,,,,,,,
1382,1995840000,,,,,,,,,,,,,,,,,,
1383,1997280000,,,,,,,,,,,,,,,,,,
1384,1998720000,,,,,,,,,,,,,,,,,,
1385,2000160000,,,,,,,,,,,,,,,,,,
1386,2001600000,,,,,,,,,,,,,,,,,,
1387,2003040000,,,,,,,,,,,,,,,,,,
1388,2004480000,,,,,,,,,,,,,,,,,,
1389,2005920000,,,,,,,,,,,,,,,,,,
1390,2007360000,,,,,,,,,,,,,,,,,,
1391,2008800000,,,,,,,,,,,,,,,,,,
1392,2010240000,,,,,,,,,,,,,,,,,,
1393,2011680000,,,,,,,,,,,,,,,,,,
1394,2013120000,,,,,,,,,,,,,,,,,,
1395,2014560000,,,,,,,,,,,,,,,,,,
1396,2016000000,,,,,,,,,,,,,,,,,,
1397,2017440000,,,,,,,,,,,,,,,,,,
1398,2018880000,,,,,,,,,,,,,,,,,,
1399,2020320000,,,,,,,,,,,,,,,,,,
1400,2021760000,,,,,,,,,,,,,,,,,,
1401,2023200000,,,,,,,,,,,,,,,,,,
1402,2024640000,,,,,,,,,,,,,,,,,,
1403,2026080000,,,,,,,,,,,,,,,,,,
1404,2027520000,,,,,,,,,,,,,,,,,,
1405,2028960000,,,,,,,,,,,,,,,,,,
1406,2030400000,,,,,,,,,,,,,,,,,,
1407,2031840000,,,,,,,,,,,,,,,,,,
1408,2033280000,,,,,,,,,,,,,,,,,,
1409,2034720000,,,,,,,,,,,,,,,,,,
1410,2036160000,,,,,,,,,,,,,,,,,,
1411,2037600000,,,,,,,,,,,,,,,,,,
1412,2039040000,,,,,,,,,,,,,,,,,,
1413,2040480000,,,,,,,,,,,,,,,,,,
1414,2041920000,,,,,,,,,,,,,,,,,,
1415,2043360000,,,,,,,,,,,,,,,,,,
1416,2044800000,,,,,,,,,,,,,,,,,,
1417,2046240000,,,,,,,,,,,,,,,,,,
1418,2047680000,,,,,,,,,,,,,,,,,,
1419,2049120000,,,,,,,,,,,,,,,,,,
1420,2050560000,,,,,,,,,,,,,,,,,,
1421,2052000000,,,,,,,,,,,,,,,,,,
1422,2053440000,,,,,,,,,,,,,,,,,,
1423,2054880000,,,,,,,,,,,,,,,,,,
1424,2056320000,,,,,,,,,,,,,,,,,,
1425,2057760000,,,,,,,,,,,,,,,,,,
1426,2059200000,,,,,,,,,,,,,,,,,,
1427,2060640000,,,,,,,,,,,,,,,,,,
1428,2062080000,,,,,,,,,,,,,,,,,,
1429,2063520000,,,,,,,,,,,,,,,,,,
1430,2064960000,,,,,,,,,,,,,,,,,,
1431,2066400000,,,,,,,,,,,,,,,,,,
1432,2067840000,,,,,,,,,,,,,,,,,,
1433,2069280000,,,,,,,,,,,,,,,,,,
1434,2070720000,,,,,,,,,,,,,,,,,,
1435,2072160000,,,,,,,,,,,,,,,,,,
1436,2073600000,,,,,,,,,,,,,,,,,,
1437,2075040000,,,,,,,,,,,,,,,,,,
1438,2076480000,,,,,,,,,,,,,,,,,,
1439,2077920000,,,,,,,,,,,,,,,,,,
1440,2079360000,,,,,,,,,,,,,,,,,,
1441,2080800000,,,,,,,,,,,,,,,,,,
1442,2082240000,,,,,,,,,,,,,,,,,,
1443,2083680000,,,,,,,,,,,,,,,,,,
1444,2085120000,,,,,,,,,,,,,,,,,,
1445,2086560000,,,,,,,,,,,,,,,,,,
1446,2088000000,,,,,,,,,,,,,,,,,,
1447,2089440000,,,,,,,,,,,,,,,,,,
1448,2090880000,,,,,,,,,,,,,,,,,,
1449,2092320000,,,,,,,,,,,,,,,,,,
1450,2093760000,,,,,,,,,,,,,,,,,,
1451,2095200000,,,,,,,,,,,,,,,,,,
1452,2096640000,,,,,,,,,,,,,,,,,,
1453,2098080000,,,,,,,,,,,,,,,,,,
1454,2099520000,,,,,,,,,,,,,,,,,,
1455,2100960000,,,,,,,,,,,,,,,,,,
1456,2102400000,,,,,,,,,,,,,,,,,,
1457,2103840000,,,,,,,,,,,,,,,,,,
1458,2105280000,,,,,,,,,,,,,,,,,,
1459,2106720000,,,,,,,,,,,,,,,,,,
1460,2108160000,,,,,,,,,,,,,,,,,,
1461,2109600000,,,,,,,,,,,,,,,,,,
1462,2111040000,,,,,,,,,,,,,,,,,,
1463,2112480000,,,,,,,,,,,,,,,,,,
1464,2113920000,,,,,,,,,,,,,,,,,,
1465,2115360000,,,,,,,,,,,,,,,,,,
1466,2116800000,,,,,,,,,,,,,,,,,,
1467,2118240000,,,,,,,,,,,,,,,,,,
1468,2119680000,,,,,,,,,,,,,,,,,,
1469,2121120000,,,,,,,,,,,,,,,,,,
1470,2122560000,,,,,,,,,,,,,,,,,,
1471,2124000000,,,,,,,,,,,,,,,,,,
1472,2125440000,,,,,,,,,,,,,,,,,,
1473,2126880000,,,,,,,,,,,,,,,,,,
1474,2128320000,,,,,,,,,,,,,,,,,,
1475,2129760000,,,,,,,,,,,,,,,,,,
1476,2131200000,,,,,,,,,,,,,,,,,,
1477,2132640000,,,,,,,,,,,,,,,,,,
1478,2134080000,,,,,,,,,,,,,,,,,,
1479,2135520000,,,,,,,,,,,,,,,,,,
1480,2136960000,,,,,,,,,,,,,,,,,,
1481,2138400000,,,,,,,,,,,,,,,,,,
1482,2139840000,,,,,,,,,,,,,,,,,,
1483,2141280000,,,,,,,,,,,,,,,,,,
1484,2142720000,,,,,,,,,,,,,,,,,,
1485,2144160000,,,,,,,,,,,,,,,,,,
1486,2145600000,,,,,,,,,,,,,,,,,,
1487,2147040000,,,,,,,,,,,,,,,,,,
1488,2147483647,,,,,,,,,,,,,,,,,,
1489,2147483647,,,,,,,,,,,,,,,,,,
1490,2147483647,,,,,,,,,,,,,,,,,,
1491,2147483647,,,,,,,,,,,,,,,,,,
1492,2147483647,,,,,,,,,,,,,,,,,,
1493,2147483647,,,,,,,,,,,,,,,,,,
1494,2147483647,,,,,,,,,,,,,,,,,,
1495,2147483647,,,,,,,,,,,,,,,,,,
1496,2147483647,,,,,,,,,,,,,,,,,,
1497,2147483647,,,,,,,,,,,,,,,,,,
1498,2147483647,,,,,,,,,,,,,,,,,,
1499,2147483647,,,,,,,,,,,,,,,,,,
1500,2147483647,,,,,,,,,,,,,,,,,,
1501,2147483647,,,,,,,,,,,,,,,,,,
1502,2147483647,,,,,,,,,,,,,,,,,,
1503,2147483647,,,,,,,,,,,,,,,,,,
1504,2147483647,,,,,,,,,,,,,,,,,,
1505,2147483647,,,,,,,,,,,,,,,,,,
1506,2147483647,,,,,,,,,,,,,,,,,,
1507,2147483647,,,,,,,,,,,,,,,,,,
1508,2147483647,,,,,,,,,,,,,,,,,,
1509,2147483647,,,,,,,,,,,,,,,,,,
1510,2147483647,,,,,,,,,,,,,,,,,,
1511,2147483647,,,,,,,,,,,,,,,,,,
1512,2147483647,,,,,,,,,,,,,,,,,,
1513,2147483647,,,,,,,,,,,,,,,,,,
1514,2147483647,,,,,,,,,,,,,,,,,,
1515,2147483647,,,,,,,,,,,,,,,,,,
1516,2147483647,,,,,,,,,,,,,,,,,,
1517,2147483647,,,,,,,,,,,,,,,,,,
1518,2147483647,,,,,,,,,,,,,,,,,,
1519,2147483647,,,,,,,,,,,,,,,,,,
1520,2147483647,,,,,,,,,,,,,,,,,,
1521,2147483647,,,,,,,,,,,,,,,,,,
1522,2147483647,,,,,,,,,,,,,,,,,,
1523,2147483647,,,,,,,,,,,,,,,,,,
1524,2147483647,,,,,,,,,,,,,,,,,,
1525,2147483647,,,,,,,,,,,,,,,,,,
1526,2147483647,,,,,,,,,,,,,,,,,,
1527,2147483647,,,,,,,,,,,,,,,,,,
1528,2147483647,,,,,,,,,,,,,,,,,,
1529,2147483647,,,,,,,,,,,,,,,,,,
1530,2147483647,,,,,,,,,,,,,,,,,,
1531,2147483647,,,,,,,,,,,,,,,,,,
1532,2147483647,,,,,,,,,,,,,,,,,,
1533,2147483647,,,,,,,,,,,,,,,,,,
1534,2147483647,,,,,,,,,,,,,,,,,,
1535,2147483647,,,,,,,,,,,,,,,,,,
1536,2147483647,,,,,,,,,,,,,,,,,,
1537,2147483647,,,,,,,,,,,,,,,,,,
1538,2147483647,,,,,,,,,,,,,,,,,,
1539,2147483647,,,,,,,,,,,,,,,,,,
1540,2147483647,,,,,,,,,,,,,,,,,,
1541,2147483647,,,,,,,,,,,,,,,,,,
1542,2147483647,,,,,,,,,,,,,,,,,,
1543,2147483647,,,,,,,,,,,,,,,,,,
1544,2147483647,,,,,,,,,,,,,,,,,,
1545,2147483647,,,,,,,,,,,,,,,,,,
1546,2147483647,,,,,,,,,,,,,,,,,,
1547,2147483647,,,,,,,,,,,,,,,,,,
1548,2147483647,,,,,,,,,,,,,,,,,,
1549,2147483647,,,,,,,,,,,,,,,,,,
1550,2147483647,,,,,,,,,,,,,,,,,,
1551,2147483647,,,,,,,,,,,,,,,,,,
1552,2147483647,,,,,,,,,,,,,,,,,,
1553,2147483647,,,,,,,,,,,,,,,,,,
1554,2147483647,,,,,,,,,,,,,,,,,,
1555,2147483647,,,,,,,,,,,,,,,,,,
1556,2147483647,,,,,,,,,,,,,,,,,,
1557,2147483647,,,,,,,,,,,,,,,,,,
1558,2147483647,,,,,,,,,,,,,,,,,,
1559,2147483647,,,,,,,,,,,,,,,,,,
1560,2147483647,,,,,,,,,,,,,,,,,,
1561,2147483647,,,,,,,,,,,,,,,,,,
1562,2147483647,,,,,,,,,,,,,,,,,,
1563,2147483647,,,,,,,,,,,,,,,,,,
1564,2147483647,,,,,,,,,,,,,,,,,,
1565,2147483647,,,,,,,,,,,,,,,,,,
1566,2147483647,,,,,,,,,,,,,,,,,,
1567,2147483647,,,,,,,,,,,,,,,,,,
1568,2147483647,,,,,,,,,,,,,,,,,,
1569,2147483647,,,,,,,,,,,,,,,,,,
1570,2147483647,,,,,,,,,,,,,,,,,,
1571,2147483647,,,,,,,,,,,,,,,,,,
1572,2147483647,,,,,,,,,,,,,,,,,,
1573,2147483647,,,,,,,,,,,,,,,,,,
1574,2147483647,,,,,,,,,,,,,,,,,,
1575,2147483647,,,,,,,,,,,,,,,,,,
1576,2147483647,,,,,,,,,,,,,,,,,,
1577,2147483647,,,,,,,,,,,,,,,,,,
1578,2147483647,,,,,,,,,,,,,,,,,,
1579,2147483647,,,,,,,,,,,,,,,,,,
1580,2147483647,,,,,,,,,,,,,,,,,,
1581,2147483647,,,,,,,,,,,,,,,,,,
1582,2147483647,,,,,,,,,,,,,,,,,,
1583,2147483647,,,,,,,,,,,,,,,,,,
1584,2147483647,,,,,,,,,,,,,,,,,,
1585,2147483647,,,,,,,,,,,,,,,,,,
1586,2147483647,,,,,,,,,,,,,,,,,,
1587,2147483647,,,,,,,,,,,,,,,,,,
1588,2147483647,,,,,,,,,,,,,,,,,,
1589,2147483647,,,,,,,,,,,,,,,,,,
1590,2147483647,,,,,,,,,,,,,,,,,,
1591,2147483647,,,,,,,,,,,,,,,,,,
1592,2147483647,,,,,,,,,,,,,,,,,,
1593,2147483647,,,,,,,,,,,,,,,,,,
1594,2147483647,,,,,,,,,,,,,,,,,,
1595,2147483647,,,,,,,,,,,,,,,,,,
1596,2147483647,,,,,,,,,,,,,,,,,,
1597,2147483647,,,,,,,,,,,,,,,,,,
1598,2147483647,,,,,,,,,,,,,,,,,,
1599,2147483647,,,,,,,,,,,,,,,,,,
1600,2147483647,,,,,,,,,,,,,,,,,,
1601,2147483647,,,,,,,,,,,,,,,,,,
1602,2147483647,,,,,,,,,,,,,,,,,,
1603,2147483647,,,,,,,,,,,,,,,,,,
1604,2147483647,,,,,,,,,,,,,,,,,,
1605,2147483647,,,,,,,,,,,,,,,,,,
1606,2147483647,,,,,,,,,,,,,,,,,,
1607,2147483647,,,,,,,,,,,,,,,,,,
1608,2147483647,,,,,,,,,,,,,,,,,,
1609,2147483647,,,,,,,,,,,,,,,,,,
1610,2147483647,,,,,,,,,,,,,,,,,,
1611,2147483647,,,,,,,,,,,,,,,,,,
1612,2147483647,,,,,,,,,,,,,,,,,,
1613,2147483647,,,,,,,,,,,,,,,,,,
1614,2147483647,,,,,,,,,,,,,,,,,,
1615,2147483647,,,,,,,,,,,,,,,,,,
1616,2147483647,,,,,,,,,,,,,,,,,,
1617,2147483647,,,,,,,,,,,,,,,,,,
1618,2147483647,,,,,,,,,,,,,,,,,,
1619,2147483647,,,,,,,,,,,,,,,,,,
1620,2147483647,,,,,,,,,,,,,,,,,,
1621,2147483647,,,,,,,,,,,,,,,,,,
1622,2147483647,,,,,,,,,,,,,,,,,,
1623,2147483647,,,,,,,,,,,,,,,,,,
1624,2147483647,,,,,,,,,,,,,,,,,,
1625,2147483647,,,,,,,,,,,,,,,,,,
1626,2147483647,,,,,,,,,,,,,,,,,,
1627,2147483647,,,,,,,,,,,,,,,,,,
1628,2147483647,,,,,,,,,,,,,,,,,,
1629,2147483647,,,,,,,,,,,,,,,,,,
1630,2147483647,,,,,,,,,,,,,,,,,,
1631,2147483647,,,,,,,,,,,,,,,,,,
1632,2147483647,,,,,,,,,,,,,,,,,,
1633,2147483647,,,,,,,,,,,,,,,,,,
1634,2147483647,,,,,,,,,,,,,,,,,,
1635,2147483647,,,,,,,,,,,,,,,,,,
1636,2147483647,,,,,,,,,,,,,,,,,,
1637,2147483647,,,,,,,,,,,,,,,,,,
1638,2147483647,,,,,,,,,,,,,,,,,,
1639,2147483647,,,,,,,,,,,,,,,,,,
1640,2147483647,,,,,,,,,,,,,,,,,,
1641,2147483647,,,,,,,,,,,,,,,,,,
1642,2147483647,,,,,,,,,,,,,,,,,,
1643,2147483647,,,,,,,,,,,,,,,,,,
1644,2147483647,,,,,,,,,,,,,,,,,,
1645,2147483647,,,,,,,,,,,,,,,,,,
1646,2147483647,,,,,,,,,,,,,,,,,,
1647,2147483647,,,,,,,,,,,,,,,,,,
1648,2147483647,,,,,,,,,,,,,,,,,,
1649,2147483647,,,,,,,,,,,,,,,,,,
1650,2147483647,,,,,,,,,,,,,,,,,,
1651,2147483647,,,,,,,,,,,,,,,,,,
1652,2147483647,,,,,,,,,,,,,,,,,,
1653,2147483647,,,,,,,,,,,,,,,,,,
1654,2147483647,,,,,,,,,,,,,,,,,,
1655,2147483647,,,,,,,,,,,,,,,,,,
1656,2147483647,,,,,,,,,,,,,,,,,,
1657,2147483647,,,,,,,,,,,,,,,,,,
1658,2147483647,,,,,,,,,,,,,,,,,,
1659,2147483647,,,,,,,,,,,,,,,,,,
1660,2147483647,,,,,,,,,,,,,,,,,,
1661,2147483647,,,,,,,,,,,,,,,,,,
1662,2147483647,,,,,,,,,,,,,,,,,,
1663,2147483647,,,,,,,,,,,,,,,,,,
1664,2147483647,,,,,,,,,,,,,,,,,,
1665,2147483647,,,,,,,,,,,,,,,,,,
1666,2147483647,,,,,,,,,,,,,,,,,,
1667,2147483647,,,,,,,,,,,,,,,,,,
1668,2147483647,,,,,,,,,,,,,,,,,,
1669,2147483647,,,,,,,,,,,,,,,,,,
1670,2147483647,,,,,,,,,,,,,,,,,,
1671,2147483647,,,,,,,,,,,,,,,,,,
1672,2147483647,,,,,,,,,,,,,,,,,,
1673,2147483647,,,,,,,,,,,,,,,,,,
1674,2147483647,,,,,,,,,,,,,,,,,,
1675,2147483647,,,,,,,,,,,,,,,,,,
1676,2147483647,,,,,,,,,,,,,,,,,,
1677,2147483647,,,,,,,,,,,,,,,,,,
1678,2147483647,,,,,,,,,,,,,,,,,,
1679,2147483647,,,,,,,,,,,,,,,,,,
1680,2147483647,,,,,,,,,,,,,,,,,,
1681,2147483647,,,,,,,,,,,,,,,,,,
1682,2147483647,,,,,,,,,,,,,,,,,,
1683,2147483647,,,,,,,,,,,,,,,,,,
1684,2147483647,,,,,,,,,,,,,,,,,,
1685,2147483647,,,,,,,,,,,,,,,,,,
1686,2147483647,,,,,,,,,,,,,,,,,,
1687,2147483647,,,,,,,,,,,,,,,,,,
1688,2147483647,,,,,,,,,,,,,,,,,,
1689,2147483647,,,,,,,,,,,,,,,,,,
1690,2147483647,,,,,,,,,,,,,,,,,,
1691,2147483647,,,,,,,,,,,,,,,,,,
1692,2147483647,,,,,,,,,,,,,,,,,,
1693,2147483647,,,,,,,,,,,,,,,,,,
1694,2147483647,,,,,,,,,,,,,,,,,,
1695,2147483647,,,,,,,,,,,,,,,,,,
1696,2147483647,,,,,,,,,,,,,,,,,,
1697,2147483647,,,,,,,,,,,,,,,,,,
1698,2147483647,,,,,,,,,,,,,,,,,,
1699,2147483647,,,,,,,,,,,,,,,,,,
1700,2147483647,,,,,,,,,,,,,,,,,,
1701,2147483647,,,,,,,,,,,,,,,,,,
1702,2147483647,,,,,,,,,,,,,,,,,,
1703,2147483647,,,,,,,,,,,,,,,,,,
1704,2147483647,,,,,,,,,,,,,,,,,,
1705,2147483647,,,,,,,,,,,,,,,,,,
1706,2147483647,,,,,,,,,,,,,,,,,,
1707,2147483647,,,,,,,,,,,,,,,,,,
1708,2147483647,,,,,,,,,,,,,,,,,,
1709,2147483647,,,,,,,,,,,,,,,,,,
1710,2147483647,,,,,,,,,,,,,,,,,,
1711,2147483647,,,,,,,,,,,,,,,,,,
1712,2147483647,,,,,,,,,,,,,,,,,,
1713,2147483647,,,,,,,,,,,,,,,,,,
1714,2147483647,,,,,,,,,,,,,,,,,,
1715,2147483647,,,,,,,,,,,,,,,,,,
1716,2147483647,,,,,,,,,,,,,,,,,,
1717,2147483647,,,,,,,,,,,,,,,,,,
1718,2147483647,,,,,,,,,,,,,,,,,,
1719,2147483647,,,,,,,,,,,,,,,,,,
1720,2147483647,,,,,,,,,,,,,,,,,,
1721,2147483647,,,,,,,,,,,,,,,,,,
1722,2147483647,,,,,,,,,,,,,,,,,,
1723,2147483647,,,,,,,,,,,,,,,,,,
1724,2147483647,,,,,,,,,,,,,,,,,,
1725,2147483647,,,,,,,,,,,,,,,,,,
1726,2147483647,,,,,,,,,,,,,,,,,,
1727,2147483647,,,,,,,,,,,,,,,,,,
1728,2147483647,,,,,,,,,,,,,,,,,,
1729,2147483647,,,,,,,,,,,,,,,,,,
1730,2147483647,,,,,,,,,,,,,,,,,,
1731,2147483647,,,,,,,,,,,,,,,,,,
1732,2147483647,,,,,,,,,,,,,,,,,,
1733,2147483647,,,,,,,,,,,,,,,,,,
1734,2147483647,,,,,,,,,,,,,,,,,,
1735,2147483647,,,,,,,,,,,,,,,,,,
1736,2147483647,,,,,,,,,,,,,,,,,,
1737,2147483647,,,,,,,,,,,,,,,,,,
1738,2147483647,,,,,,,,,,,,,,,,,,
1739,2147483647,,,,,,,,,,,,,,,,,,
1740,2147483647,,,,,,,,,,,,,,,,,,
1741,2147483647,,,,,,,,,,,,,,,,,,
1742,2147483647,,,,,,,,,,,,,,,,,,
1743,2147483647,,,,,,,,,,,,,,,,,,
1744,2147483647,,,,,,,,,,,,,,,,,,
1745,2147483647,,,,,,,,,,,,,,,,,,
1746,2147483647,,,,,,,,,,,,,,,,,,
1747,2147483647,,,,,,,,,,,,,,,,,,
1748,2147483647,,,,,,,,,,,,,,,,,,
1749,2147483647,,,,,,,,,,,,,,,,,,
1750,2147483647,,,,,,,,,,,,,,,,,,
1751,2147483647,,,,,,,,,,,,,,,,,,
1752,2147483647,,,,,,,,,,,,,,,,,,
1753,2147483647,,,,,,,,,,,,,,,,,,
1754,2147483647,,,,,,,,,,,,,,,,,,
1755,2147483647,,,,,,,,,,,,,,,,,,
1756,2147483647,,,,,,,,,,,,,,,,,,
1757,2147483647,,,,,,,,,,,,,,,,,,
1758,2147483647,,,,,,,,,,,,,,,,,,
1759,2147483647,,,,,,,,,,,,,,,,,,
1760,2147483647,,,,,,,,,,,,,,,,,,
1761,2147483647,,,,,,,,,,,,,,,,,,
1762,2147483647,,,,,,,,,,,,,,,,,,
1763,2147483647,,,,,,,,,,,,,,,,,,
1764,2147483647,,,,,,,,,,,,,,,,,,
1765,2147483647,,,,,,,,,,,,,,,,,,
1766,2147483647,,,,,,,,,,,,,,,,,,
1767,2147483647,,,,,,,,,,,,,,,,,,
1768,2147483647,,,,,,,,,,,,,,,,,,
1769,2147483647,,,,,,,,,,,,,,,,,,
1770,2147483647,,,,,,,,,,,,,,,,,,
1771,2147483647,,,,,,,,,,,,,,,,,,
1772,2147483647,,,,,,,,,,,,,,,,,,
1773,2147483647,,,,,,,,,,,,,,,,,,
1774,2147483647,,,,,,,,,,,,,,,,,,
1775,2147483647,,,,,,,,,,,,,,,,,,
1776,2147483647,,,,,,,,,,,,,,,,,,
1777,2147483647,,,,,,,,,,,,,,,,,,
1778,2147483647,,,,,,,,,,,,,,,,,,
1779,2147483647,,,,,,,,,,,,,,,,,,
1780,2147483647,,,,,,,,,,,,,,,,,,
1781,2147483647,,,,,,,,,,,,,,,,,,
1782,2147483647,,,,,,,,,,,,,,,,,,
1783,2147483647,,,,,,,,,,,,,,,,,,
1784,2147483647,,,,,,,,,,,,,,,,,,
1785,2147483647,,,,,,,,,,,,,,,,,,
1786,2147483647,,,,,,,,,,,,,,,,,,
1787,2147483647,,,,,,,,,,,,,,,,,,
1788,2147483647,,,,,,,,,,,,,,,,,,
1789,2147483647,,,,,,,,,,,,,,,,,,
1790,2147483647,,,,,,,,,,,,,,,,,,
1791,2147483647,,,,,,,,,,,,,,,,,,
1792,2147483647,,,,,,,,,,,,,,,,,,
1793,2147483647,,,,,,,,,,,,,,,,,,
1794,2147483647,,,,,,,,,,,,,,,,,,
1795,2147483647,,,,,,,,,,,,,,,,,,
1796,2147483647,,,,,,,,,,,,,,,,,,
1797,2147483647,,,,,,,,,,,,,,,,,,
1798,2147483647,,,,,,,,,,,,,,,,,,
1799,2147483647,,,,,,,,,,,,,,,,,,
1800,2147483647,,,,,,,,,,,,,,,,,,
1801,2147483647,,,,,,,,,,,,,,,,,,
1802,2147483647,,,,,,,,,,,,,,,,,,
1803,2147483647,,,,,,,,,,,,,,,,,,
1804,2147483647,,,,,,,,,,,,,,,,,,
1805,2147483647,,,,,,,,,,,,,,,,,,
1806,2147483647,,,,,,,,,,,,,,,,,,
1807,2147483647,,,,,,,,,,,,,,,,,,
1808,2147483647,,,,,,,,,,,,,,,,,,
1809,2147483647,,,,,,,,,,,,,,,,,,
1810,2147483647,,,,,,,,,,,,,,,,,,
1811,2147483647,,,,,,,,,,,,,,,,,,
1812,2147483647,,,,,,,,,,,,,,,,,,
1813,2147483647,,,,,,,,,,,,,,,,,,
1814,2147483647,,,,,,,,,,,,,,,,,,
1815,2147483647,,,,,,,,,,,,,,,,,,
1816,2147483647,,,,,,,,,,,,,,,,,,
1817,2147483647,,,,,,,,,,,,,,,,,,
1818,2147483647,,,,,,,,,,,,,,,,,,
1819,2147483647,,,,,,,,,,,,,,,,,,
1820,2147483647,,,,,,,,,,,,,,,,,,
1821,2147483647,,,,,,,,,,,,,,,,,,
1822,2147483647,,,,,,,,,,,,,,,,,,
1823,2147483647,,,,,,,,,,,,,,,,,,
1824,2147483647,,,,,,,,,,,,,,,,,,
1825,2147483647,,,,,,,,,,,,,,,,,,
1826,2147483647,,,,,,,,,,,,,,,,,,
1827,2147483647,,,,,,,,,,,,,,,,,,
1828,2147483647,,,,,,,,,,,,,,,,,,
1829,2147483647,,,,,,,,,,,,,,,,,,
1830,2147483647,,,,,,,,,,,,,,,,,,
1831,2147483647,,,,,,,,,,,,,,,,,,
1832,2147483647,,,,,,,,,,,,,,,,,,
1833,2147483647,,,,,,,,,,,,,,,,,,
1834,2147483647,,,,,,,,,,,,,,,,,,
1835,2147483647,,,,,,,,,,,,,,,,,,
1836,2147483647,,,,,,,,,,,,,,,,,,
1837,2147483647,,,,,,,,,,,,,,,,,,
1838,2147483647,,,,,,,,,,,,,,,,,,
1839,2147483647,,,,,,,,,,,,,,,,,,
1840,2147483647,,,,,,,,,,,,,,,,,,
1841,2147483647,,,,,,,,,,,,,,,,,,
1842,2147483647,,,,,,,,,,,,,,,,,,
1843,2147483647,,,,,,,,,,,,,,,,,,
1844,2147483647,,,,,,,,,,,,,,,,,,
1845,2147483647,,,,,,,,,,,,,,,,,,
1846,2147483647,,,,,,,,,,,,,,,,,,
1847,2147483647,,,,,,,,,,,,,,,,,,
1848,2147483647,,,,,,,,,,,,,,,,,,
1849,2147483647,,,,,,,,,,,,,,,,,,
1850,2147483647,,,,,,,,,,,,,,,,,,
1851,2147483647,,,,,,,,,,,,,,,,,,
1852,2147483647,,,,,,,,,,,,,,,,,,
1853,2147483647,,,,,,,,,,,,,,,,,,
1854,2147483647,,,,,,,,,,,,,,,,,,
1855,2147483647,,,,,,,,,,,,,,,,,,
1856,2147483647,,,,,,,,,,,,,,,,,,
1857,2147483647,,,,,,,,,,,,,,,,,,
1858,2147483647,,,,,,,,,,,,,,,,,,
1859,2147483647,,,,,,,,,,,,,,,,,,
1860,2147483647,,,,,,,,,,,,,,,,,,
1861,2147483647,,,,,,,,,,,,,,,,,,
1862,2147483647,,,,,,,,,,,,,,,,,,
1863,2147483647,,,,,,,,,,,,,,,,,,
1864,2147483647,,,,,,,,,,,,,,,,,,
1865,2147483647,,,,,,,,,,,,,,,,,,
1866,2147483647,,,,,,,,,,,,,,,,,,
1867,2147483647,,,,,,,,,,,,,,,,,,
1868,2147483647,,,,,,,,,,,,,,,,,,
1869,2147483647,,,,,,,,,,,,,,,,,,
1870,2147483647,,,,,,,,,,,,,,,,,,
1871,2147483647,,,,,,,,,,,,,,,,,,
1872,2147483647,,,,,,,,,,,,,,,,,,
1873,2147483647,,,,,,,,,,,,,,,,,,
1874,2147483647,,,,,,,,,,,,,,,,,,
1875,2147483647,,,,,,,,,,,,,,,,,,
1876,2147483647,,,,,,,,,,,,,,,,,,
1877,2147483647,,,,,,,,,,,,,,,,,,
1878,2147483647,,,,,,,,,,,,,,,,,,
1879,2147483647,,,,,,,,,,,,,,,,,,
1880,2147483647,,,,,,,,,,,,,,,,,,
1881,2147483647,,,,,,,,,,,,,,,,,,
1882,2147483647,,,,,,,,,,,,,,,,,,
1883,2147483647,,,,,,,,,,,,,,,,,,
1884,2147483647,,,,,,,,,,,,,,,,,,
1885,2147483647,,,,,,,,,,,,,,,,,,
1886,2147483647,,,,,,,,,,,,,,,,,,
1887,2147483647,,,,,,,,,,,,,,,,,,
1888,2147483647,,,,,,,,,,,,,,,,,,
1889,2147483647,,,,,,,,,,,,,,,,,,
1890,2147483647,,,,,,,,,,,,,,,,,,
1891,2147483647,,,,,,,,,,,,,,,,,,
1892,2147483647,,,,,,,,,,,,,,,,,,
1893,2147483647,,,,,,,,,,,,,,,,,,
1894,2147483647,,,,,,,,,,,,,,,,,,
1895,2147483647,,,,,,,,,,,,,,,,,,
1896,2147483647,,,,,,,,,,,,,,,,,,
1897,2147483647,,,,,,,,,,,,,,,,,,
1898,2147483647,,,,,,,,,,,,,,,,,,
1899,2147483647,,,,,,,,,,,,,,,,,,
1900,2147483647,,,,,,,,,,,,,,,,,,
1901,2147483647,,,,,,,,,,,,,,,,,,
1902,2147483647,,,,,,,,,,,,,,,,,,
1903,2147483647,,,,,,,,,,,,,,,,,,
1904,2147483647,,,,,,,,,,,,,,,,,,
1905,2147483647,,,,,,,,,,,,,,,,,,
1906,2147483647,,,,,,,,,,,,,,,,,,
1907,2147483647,,,,,,,,,,,,,,,,,,
1908,2147483647,,,,,,,,,,,,,,,,,,
1909,2147483647,,,,,,,,,,,,,,,,,,
1910,2147483647,,,,,,,,,,,,,,,,,,
1911,2147483647,,,,,,,,,,,,,,,,,,
1912,2147483647,,,,,,,,,,,,,,,,,,
1913,2147483647,,,,,,,,,,,,,,,,,,
1914,2147483647,,,,,,,,,,,,,,,,,,
1915,2147483647,,,,,,,,,,,,,,,,,,
1916,2147483647,,,,,,,,,,,,,,,,,,
1917,2147483647,,,,,,,,,,,,,,,,,,
1918,2147483647,,,,,,,,,,,,,,,,,,
1919,2147483647,,,,,,,,,,,,,,,,,,
1920,2147483647,,,,,,,,,,,,,,,,,,
1921,2147483647,,,,,,,,,,,,,,,,,,
1922,2147483647,,,,,,,,,,,,,,,,,,
1923,2147483647,,,,,,,,,,,,,,,,,,
1924,2147483647,,,,,,,,,,,,,,,,,,
1925,2147483647,,,,,,,,,,,,,,,,,,
1926,2147483647,,,,,,,,,,,,,,,,,,
1927,2147483647,,,,,,,,,,,,,,,,,,
1928,2147483647,,,,,,,,,,,,,,,,,,
1929,2147483647,,,,,,,,,,,,,,,,,,
1930,2147483647,,,,,,,,,,,,,,,,,,
1931,2147483647,,,,,,,,,,,,,,,,,,
1932,2147483647,,,,,,,,,,,,,,,,,,
1933,2147483647,,,,,,,,,,,,,,,,,,
1934,2147483647,,,,,,,,,,,,,,,,,,
1935,2147483647,,,,,,,,,,,,,,,,,,
1936,2147483647,,,,,,,,,,,,,,,,,,
1937,2147483647,,,,,,,,,,,,,,,,,,
1938,2147483647,,,,,,,,,,,,,,,,,,
1939,2147483647,,,,,,,,,,,,,,,,,,
1940,2147483647,,,,,,,,,,,,,,,,,,
1941,2147483647,,,,,,,,,,,,,,,,,,
1942,2147483647,,,,,,,,,,,,,,,,,,
1943,2147483647,,,,,,,,,,,,,,,,,,
1944,2147483647,,,,,,,,,,,,,,,,,,
1945,2147483647,,,,,,,,,,,,,,,,,,
1946,2147483647,,,,,,,,,,,,,,,,,,
1947,2147483647,,,,,,,,,,,,,,,,,,
1948,2147483647,,,,,,,,,,,,,,,,,,
1949,2147483647,,,,,,,,,,,,,,,,,,
1950,2147483647,,,,,,,,,,,,,,,,,,
1951,2147483647,,,,,,,,,,,,,,,,,,
1952,2147483647,,,,,,,,,,,,,,,,,,
1953,2147483647,,,,,,,,,,,,,,,,,,
1954,2147483647,,,,,,,,,,,,,,,,,,
1955,2147483647,,,,,,,,,,,,,,,,,,
1956,2147483647,,,,,,,,,,,,,,,,,,
1957,2147483647,,,,,,,,,,,,,,,,,,
1958,2147483647,,,,,,,,,,,,,,,,,,
1959,2147483647,,,,,,,,,,,,,,,,,,
1960,2147483647,,,,,,,,,,,,,,,,,,
1961,2147483647,,,,,,,,,,,,,,,,,,
1962,2147483647,,,,,,,,,,,,,,,,,,
1963,2147483647,,,,,,,,,,,,,,,,,,
1964,2147483647,,,,,,,,,,,,,,,,,,
1965,2147483647,,,,,,,,,,,,,,,,,,
1966,2147483647,,,,,,,,,,,,,,,,,,
1967,2147483647,,,,,,,,,,,,,,,,,,
1968,2147483647,,,,,,,,,,,,,,,,,,
1969,2147483647,,,,,,,,,,,,,,,,,,
1970,2147483647,,,,,,,,,,,,,,,,,,
1971,2147483647,,,,,,,,,,,,,,,,,,
1972,2147483647,,,,,,,,,,,,,,,,,,
1973,2147483647,,,,,,,,,,,,,,,,,,
1974,2147483647,,,,,,,,,,,,,,,,,,
1975,2147483647,,,,,,,,,,,,,,,,,,
1976,2147483647,,,,,,,,,,,,,,,,,,
1977,2147483647,,,,,,,,,,,,,,,,,,
1978,2147483647,,,,,,,,,,,,,,,,,,
1979,2147483647,,,,,,,,,,,,,,,,,,
1980,2147483647,,,,,,,,,,,,,,,,,,
1981,2147483647,,,,,,,,,,,,,,,,,,
1982,2147483647,,,,,,,,,,,,,,,,,,
1983,2147483647,,,,,,,,,,,,,,,,,,
1984,2147483647,,,,,,,,,,,,,,,,,,
1985,2147483647,,,,,,,,,,,,,,,,,,
1986,2147483647,,,,,,,,,,,,,,,,,,
1987,2147483647,,,,,,,,,,,,,,,,,,
1988,2147483647,,,,,,,,,,,,,,,,,,
1989,2147483647,,,,,,,,,,,,,,,,,,
1990,2147483647,,,,,,,,,,,,,,,,,,
1991,2147483647,,,,,,,,,,,,,,,,,,
1992,2147483647,,,,,,,,,,,,,,,,,,
1993,2147483647,,,,,,,,,,,,,,,,,,
1994,2147483647,,,,,,,,,,,,,,,,,,
1995,2147483647,,,,,,,,,,,,,,,,,,
1996,2147483647,,,,,,,,,,,,,,,,,,
1997,2147483647,,,,,,,,,,,,,,,,,,
1998,2147483647,,,,,,,,,,,,,,,,,,
1999,2147483647,,,,,,,,,,,,,,,,,,
2000,2147483647,,,,,,,,,,,,,,,,,,